Model,Accuracy,Precision,Recall,F1 Score,ROC AUC
XGBoost (Tuned),0.7337662337662337,0.6444444444444445,0.5370370370370371,0.5858585858585859,0.8179629629629629
Balanced Logistic Regression,0.7337662337662337,0.6031746031746031,0.7037037037037037,0.6495726495726496,0.8125925925925926
Random Forest (Tuned),0.7402597402597403,0.6666666666666666,0.5185185185185185,0.5833333333333334,0.81
KNN (Tuned),0.7597402597402597,0.6976744186046512,0.5555555555555556,0.6185567010309279,0.8071296296296296
